{"n_estimators": 200, "max_depth": 10, "min_samples_split": 5, "min_samples_leaf": 2, "max_features": "sqrt"}
{"num_match": [306, 19, 31], "accuracy": 0.9080118694362018, "precision": 0.9415384615384615, "recall": 0.9080118694362018, "f1": 0.9244712990936556}
{"mape_valid": 0.12005519251816045, "rmse_valid": 0.8621638487538463, "mape_test": 0.12184239022927208, "rmse_test": 0.9219431177398633, "mape_test_full": 0.12241577409372423, "rmse_test_full": 0.9163110146163104}
{"n_estimators": 50, "max_depth": 15, "min_samples_split": 5, "min_samples_leaf": 2, "max_features": "sqrt"}
{"mape_valid": 0.12047818471167436, "rmse_valid": 0.8662740724377757, "mape_test": 0.12194207217804494, "rmse_test": 0.9160489423226879, "mape_test_full": 0.12039827075221751, "rmse_test_full": 0.9118303241297852}
{"num_match": [302, 22, 35], "accuracy": 0.8961424332344213, "precision": 0.9320987654320988, "recall": 0.8961424332344213, "f1": 0.913767019667171}