{"kernel": "linear", "C": 1, "epsilon": 0.5, "degree": 2}
{"num_match": [304, 16, 33], "accuracy": 0.9020771513353115, "precision": 0.95, "recall": 0.9020771513353115, "f1": 0.9254185692541858}
{"mape_valid": 0.13421691847711825, "rmse_valid": 0.9535130015499418, "mape_test": 0.1414707025484824, "rmse_test": 1.0194332705277211, "mape_test_full": 0.14270632937630148, "rmse_test_full": 1.0281377085483887}
{"kernel": "linear", "C": 0.1, "epsilon": 0.01, "degree": 2}
{"mape_valid": 0.13230824241411038, "rmse_valid": 0.9574306188620718, "mape_test": 0.139921289063577, "rmse_test": 1.028663363320921, "mape_test_full": 0.13967316432341312, "rmse_test_full": 1.036631906154844}
{"num_match": [303, 18, 34], "accuracy": 0.8991097922848664, "precision": 0.9439252336448598, "recall": 0.8991097922848664, "f1": 0.9209726443768996}