{"n_estimators": 200, "learning_rate": 0.2, "max_depth": 3, "min_child_weight": 5, "gamma": 0.1, "reg_alpha": 0.5, "reg_lambda": 0.1}
{"num_match": [310, 15, 27], "accuracy": 0.9198813056379822, "precision": 0.9538461538461539, "recall": 0.9198813056379822, "f1": 0.9365558912386707}
{"mape_valid": 0.1220030482289762, "rmse_valid": 0.8717835462223397, "mape_test": 0.1181947094234541, "rmse_test": 0.8873153011107058, "mape_test_full": 0.1170025681175492, "rmse_test_full": 0.8717201177341303}
{"n_estimators": 100, "learning_rate": 0.2, "max_depth": 4, "min_child_weight": 7, "gamma": 0, "reg_alpha": 0.1, "reg_lambda": 0.5}
{"mape_valid": 0.12045476978848087, "rmse_valid": 0.86179311550372, "mape_test": 0.11487267782430852, "rmse_test": 0.8857890862662453, "mape_test_full": 0.1131372903118131, "rmse_test_full": 0.8721724463103716}
{"num_match": [308, 17, 29], "accuracy": 0.913946587537092, "precision": 0.9476923076923077, "recall": 0.913946587537092, "f1": 0.9305135951661633}